{"theta0": 8499.542071027387, "theta1": -0.02144839387722462, "avg_error": 557.834019154982}